Name,LastLogonDate,DistinguishedName
ASR-1103,7/17/2021 22:46,"CN=ASR-1103,OU=Computers,OU=Assessors,DC=co,DC=yakima,DC=wa,DC=us"
ASR-1113,7/11/2021 22:29,"CN=ASR-1113,OU=Computers,OU=Assessors,DC=co,DC=yakima,DC=wa,DC=us"
ASR-1115L,11/22/2021 11:27,"CN=ASR-1115L,OU=Computers,OU=Assessors,DC=co,DC=yakima,DC=wa,DC=us"
ASR-1116,7/30/2021 13:42,"CN=ASR-1116,OU=Computers,OU=Assessors,DC=co,DC=yakima,DC=wa,DC=us"
ASR-1117,7/11/2021 3:04,"CN=ASR-1117,OU=Computers,OU=Assessors,DC=co,DC=yakima,DC=wa,DC=us"
ASR-1122,8/11/2021 10:26,"CN=ASR-1122,OU=Computers,OU=Assessors,DC=co,DC=yakima,DC=wa,DC=us"
ASR-1127L,1/17/2021 20:39,"CN=ASR-1127L,OU=Computers,OU=Assessors,DC=co,DC=yakima,DC=wa,DC=us"
ASR-1128L,5/13/2020 8:01,"CN=ASR-1128L,OU=Computers,OU=Assessors,DC=co,DC=yakima,DC=wa,DC=us"
ASR-1138L,8/20/2021 21:34,"CN=ASR-1138L,OU=Computers,OU=Assessors,DC=co,DC=yakima,DC=wa,DC=us"
ASR-ASUS-1126T,5/13/2020 8:07,"CN=ASR-ASUS-1126T,OU=Computers,OU=Assessors,DC=co,DC=yakima,DC=wa,DC=us"
ASR-COM-T1143,1/4/2022 9:17,"CN=ASR-COM-T1143,OU=Computers,OU=Assessors,DC=co,DC=yakima,DC=wa,DC=us"
ASR-L1105,11/19/2020 9:40,"CN=ASR-L1105,OU=Computers,OU=Assessors,DC=co,DC=yakima,DC=wa,DC=us"
ASR-LCONF,7/21/2020 8:43,"CN=ASR-LCONF,OU=Computers,OU=Assessors,DC=co,DC=yakima,DC=wa,DC=us"
ASR-PUB-1,10/29/2021 8:20,"CN=ASR-PUB-1,OU=Computers,OU=Assessors,DC=co,DC=yakima,DC=wa,DC=us"
AUD-1322,11/16/2020 7:54,"CN=AUD-1322,OU=Win7-Win10,OU=Computers,OU=Auditors,DC=co,DC=yakima,DC=wa,DC=us"
AUD-AP-1312,11/12/2020 17:02,"CN=AUD-AP-1312,OU=Win7-Win10,OU=Computers,OU=Auditors,DC=co,DC=yakima,DC=wa,DC=us"
AUD-AP-1318,11/9/2020 8:52,"CN=AUD-AP-1318,OU=Win7-Win10,OU=Computers,OU=Auditors,DC=co,DC=yakima,DC=wa,DC=us"
AUD-AP-1403,7/11/2022 16:30,"CN=AUD-AP-1403,OU=Win7-Win10,OU=Computers,OU=Auditors,DC=co,DC=yakima,DC=wa,DC=us"
AUD-AP-1404,2/11/2021 10:21,"CN=AUD-AP-1404,OU=Win7-Win10,OU=Computers,OU=Auditors,DC=co,DC=yakima,DC=wa,DC=us"
AUD-EL-FIELD1,7/27/2021 12:00,"CN=AUD-EL-FIELD1,OU=DART-10-8-2020,OU=Win7-Win10,OU=Computers,OU=Auditors,DC=co,DC=yakima,DC=wa,DC=us"
AUD-EL-FIELD3,8/9/2021 10:30,"CN=AUD-EL-FIELD3,OU=DART-10-8-2020,OU=Win7-Win10,OU=Computers,OU=Auditors,DC=co,DC=yakima,DC=wa,DC=us"
AUD-EL-IMG,6/19/2020 20:45,"CN=AUD-EL-IMG,OU=DART-10-8-2020,OU=Win7-Win10,OU=Computers,OU=Auditors,DC=co,DC=yakima,DC=wa,DC=us"
AUD-EL-L1345,6/18/2020 9:38,"CN=AUD-EL-L1345,OU=DART-10-8-2020,OU=Win7-Win10,OU=Computers,OU=Auditors,DC=co,DC=yakima,DC=wa,DC=us"
AUD-PR-1394,7/6/2022 8:00,"CN=AUD-PR-1394,OU=Win7-Win10,OU=Computers,OU=Auditors,DC=co,DC=yakima,DC=wa,DC=us"
AUD-PR-L1,3/1/2021 8:28,"CN=AUD-PR-L1,OU=Win7-Win10,OU=Computers,OU=Auditors,DC=co,DC=yakima,DC=wa,DC=us"
AUD-PY-1393,7/6/2022 4:35,"CN=AUD-PY-1393,OU=Win7-Win10,OU=Computers,OU=Auditors,DC=co,DC=yakima,DC=wa,DC=us"
AUD-PY-1395,12/7/2020 14:09,"CN=AUD-PY-1395,OU=Check Printing,OU=Win7-Win10,OU=Computers,OU=Auditors,DC=co,DC=yakima,DC=wa,DC=us"
AUD-PY-L1394,7/5/2020 12:27,"CN=AUD-PY-L1394,OU=Win7-Win10,OU=Computers,OU=Auditors,DC=co,DC=yakima,DC=wa,DC=us"
AUD-REC-L1334,6/29/2022 13:52,"CN=AUD-REC-L1334,OU=Win7-Win10,OU=Computers,OU=Auditors,DC=co,DC=yakima,DC=wa,DC=us"
AUD-S1405,5/27/2021 17:33,"CN=AUD-S1405,OU=Win7-Win10,OU=Computers,OU=Auditors,DC=co,DC=yakima,DC=wa,DC=us"
BOCC-1,9/22/2021 15:31,"CN=BOCC-1,CN=Computers,DC=co,DC=yakima,DC=wa,DC=us"
BOCC-2,7/27/2021 9:12,"CN=BOCC-2,CN=Computers,DC=co,DC=yakima,DC=wa,DC=us"
cisco-acs1,7/25/2020 14:18,"CN=cisco-acs1,CN=Computers,DC=co,DC=yakima,DC=wa,DC=us"
CL-L-JRYSUN,6/10/2021 8:22,"CN=CL-L-JRYSUN,OU=NoAppLocker,OU=Computers,OU=Clerks,DC=co,DC=yakima,DC=wa,DC=us"
CL-MN-SPARE,12/12/2020 18:13,"CN=CL-MN-SPARE,OU=Computers,OU=Clerks,DC=co,DC=yakima,DC=wa,DC=us"
CL-MN-T1439,6/6/2022 9:38,"CN=CL-MN-T1439,OU=Computers,OU=Clerks,DC=co,DC=yakima,DC=wa,DC=us"
COG-AA-5741550,4/12/2021 7:47,"CN=COG-AA-5741550,OU=Computers,OU=YVCOG,DC=co,DC=yakima,DC=wa,DC=us"
COG-AA-7597993,2/8/2022 14:16,"CN=COG-AA-7597993,OU=Computers,OU=YVCOG,DC=co,DC=yakima,DC=wa,DC=us"
COG-GIS-7597999,10/12/2021 16:28,"CN=COG-GIS-7597999,OU=Computers,OU=YVCOG,DC=co,DC=yakima,DC=wa,DC=us"
COG-HP-4244695,5/17/2021 7:02,"CN=COG-HP-4244695,OU=Computers,OU=YVCOG,DC=co,DC=yakima,DC=wa,DC=us"
COG-HP-7597992,4/13/2021 11:44,"CN=COG-HP-7597992,OU=Computers,OU=YVCOG,DC=co,DC=yakima,DC=wa,DC=us"
COG-PL-7597995,5/22/2021 10:49,"CN=COG-PL-7597995,OU=Computers,OU=YVCOG,DC=co,DC=yakima,DC=wa,DC=us"
COG-PLX-7597981,3/16/2020 12:38,"CN=COG-PLX-7597981,OU=Computers,OU=YVCOG,DC=co,DC=yakima,DC=wa,DC=us"
COG-PLX-7597982,4/18/2021 3:07,"CN=COG-PLX-7597982,OU=Computers,OU=YVCOG,DC=co,DC=yakima,DC=wa,DC=us"
COM-SCAN-NP,9/10/2021 10:17,"CN=COM-SCAN-NP,OU=Computers,OU=Commissioners,DC=co,DC=yakima,DC=wa,DC=us"
COM-SP-BOE,1/9/2020 11:34,"CN=COM-SP-BOE,OU=Computers,OU=Commissioners,DC=co,DC=yakima,DC=wa,DC=us"
COM-T-1515,10/5/2020 11:04,"CN=COM-T-1515,OU=Computers,OU=Commissioners,DC=co,DC=yakima,DC=wa,DC=us"
COM-T-1515B,3/11/2021 16:04,"CN=COM-T-1515B,OU=Computers,OU=Commissioners,DC=co,DC=yakima,DC=wa,DC=us"
COM-T-1517,10/26/2020 14:20,"CN=COM-T-1517,OU=Computers,OU=Commissioners,DC=co,DC=yakima,DC=wa,DC=us"
COOP-1572,4/28/2020 8:17,"CN=COOP-1572,OU=NoApplocker,OU=Computers,OU=COOP,DC=co,DC=yakima,DC=wa,DC=us"
DAC-FEL-L1142,3/24/2022 13:30,"CN=DAC-FEL-L1142,OU=Win7-Win8,OU=Computers,OU=Assigned Counsel,DC=co,DC=yakima,DC=wa,DC=us"
DAC-FEL-L1198,7/11/2022 12:11,"CN=DAC-FEL-L1198,OU=Win7-Win8,OU=Computers,OU=Assigned Counsel,DC=co,DC=yakima,DC=wa,DC=us"
DAC-MN-L1144,7/7/2022 13:14,"CN=DAC-MN-L1144,OU=Win7-Win8,OU=Computers,OU=Assigned Counsel,DC=co,DC=yakima,DC=wa,DC=us"
DAC-MN-L1163,4/17/2022 14:36,"CN=DAC-MN-L1163,OU=Win7-Win8,OU=Computers,OU=Assigned Counsel,DC=co,DC=yakima,DC=wa,DC=us"
DC-ACCT-1829,7/5/2021 12:43,"CN=DC-ACCT-1829,OU=Computers,OU=District Court,DC=co,DC=yakima,DC=wa,DC=us"
DC-ACCT-LPRB,9/17/2021 8:03,"CN=DC-ACCT-LPRB,OU=Win7-Win10,OU=Computers,OU=Auditors,DC=co,DC=yakima,DC=wa,DC=us"
DC-ACCT-T1846,3/2/2022 20:14,"CN=DC-ACCT-T1846,OU=Computers,OU=District Court,DC=co,DC=yakima,DC=wa,DC=us"
DC-ADM-1874L,1/24/2022 7:55,"CN=DC-ADM-1874L,OU=Computers,OU=District Court,DC=co,DC=yakima,DC=wa,DC=us"
DC-ADM-L1837,3/12/2022 18:42,"CN=DC-ADM-L1837,OU=Computers,OU=District Court,DC=co,DC=yakima,DC=wa,DC=us"
DC-CHBR-1608O,7/26/2021 8:50,"CN=DC-CHBR-1608O,OU=District Court,DC=co,DC=yakima,DC=wa,DC=us"
DC-CHBR-L1797,3/9/2022 10:19,"CN=DC-CHBR-L1797,OU=Computers,OU=District Court,DC=co,DC=yakima,DC=wa,DC=us"
DC-CRTCOM-L1827,5/18/2020 11:22,"CN=DC-CRTCOM-L1827,OU=Computers,OU=District Court,DC=co,DC=yakima,DC=wa,DC=us"
DC-GRV-LYNC,5/24/2022 21:48,"CN=DC-GRV-LYNC,OU=Computers,OU=District Court,DC=co,DC=yakima,DC=wa,DC=us"
DC-IMG-1842,6/6/2020 18:42,"CN=DC-IMG-1842,OU=Computers,OU=District Court,DC=co,DC=yakima,DC=wa,DC=us"
DC-JDG-T1783,2/18/2022 16:21,"CN=DC-JDG-T1783,OU=Computers,OU=District Court,DC=co,DC=yakima,DC=wa,DC=us"
DC-LEX-NEX-2,3/8/2020 13:38,"CN=DC-LEX-NEX-2,OU=Computers,OU=District Court,DC=co,DC=yakima,DC=wa,DC=us"
DC-PUB-2,7/12/2020 5:05,"CN=DC-PUB-2,OU=Computers,OU=District Court,DC=co,DC=yakima,DC=wa,DC=us"
DC-PUB-GRV,3/7/2022 10:28,"CN=DC-PUB-GRV,OU=Computers,OU=District Court,DC=co,DC=yakima,DC=wa,DC=us"
DC-SCFTR4-2687,1/7/2020 8:37,"CN=DC-SCFTR4-2687,OU=Computers,OU=District Court,DC=co,DC=yakima,DC=wa,DC=us"
DC-TESTER,8/31/2021 4:14,"CN=DC-TESTER,OU=Computers,OU=District Court,DC=co,DC=yakima,DC=wa,DC=us"
DC-WIN-1811,6/1/2020 21:19,"CN=DC-WIN-1811,OU=Computers,OU=District Court,DC=co,DC=yakima,DC=wa,DC=us"
DESKTOP-EI6T03D,5/24/2022 13:35,"CN=DESKTOP-EI6T03D,CN=Computers,DC=co,DC=yakima,DC=wa,DC=us"
DET-1948,6/2/2020 9:04,"CN=DET-1948,OU=Computers,OU=South Central Workforce Counsel,DC=co,DC=yakima,DC=wa,DC=us"
DOC-ADM-1717,6/26/2020 5:58,"CN=DOC-ADM-1717,OU=NoApplocker,OU=Computers,OU=Dept of Corrections,DC=co,DC=yakima,DC=wa,DC=us"
DOC-CHPLN-AID,3/29/2022 20:13,"CN=DOC-CHPLN-AID,OU=Computers,OU=Dept of Corrections,DC=co,DC=yakima,DC=wa,DC=us"
DOC-CLRKS-XXXX,11/2/2020 8:59,"CN=DOC-CLRKS-XXXX,OU=Computers,OU=Dept of Corrections,DC=co,DC=yakima,DC=wa,DC=us"
DOC-LOANER-1,3/16/2020 14:48,"CN=DOC-LOANER-1,OU=Loan_pool,DC=co,DC=yakima,DC=wa,DC=us"
DOC-LOANER-2,5/5/2022 14:15,"CN=DOC-LOANER-2,OU=Loan_pool,DC=co,DC=yakima,DC=wa,DC=us"
DOC-LOANER-3,3/16/2020 16:47,"CN=DOC-LOANER-3,OU=Loan_pool,DC=co,DC=yakima,DC=wa,DC=us"
DOC-LOANER-4,3/16/2020 17:16,"CN=DOC-LOANER-4,OU=Loan_pool,DC=co,DC=yakima,DC=wa,DC=us"
DOC-LOANER-5,3/16/2020 17:35,"CN=DOC-LOANER-5,OU=Loan_pool,DC=co,DC=yakima,DC=wa,DC=us"
DOC-LOANER-T4,3/25/2020 9:13,"CN=DOC-LOANER-T4,OU=Loan_pool,DC=co,DC=yakima,DC=wa,DC=us"
DOC-LOANER-T5,3/25/2020 9:24,"CN=DOC-LOANER-T5,OU=Loan_pool,DC=co,DC=yakima,DC=wa,DC=us"
DOC-LT-COXEN,6/20/2022 8:26,"CN=DOC-LT-COXEN,OU=Computers,OU=Dept of Corrections,DC=co,DC=yakima,DC=wa,DC=us"
DOC-MUGSHOT,10/12/2020 18:42,"CN=DOC-MUGSHOT,OU=Computers,OU=Dept of Corrections,DC=co,DC=yakima,DC=wa,DC=us"
DOC-TAB-SPLAWN,6/28/2021 12:05,"CN=DOC-TAB-SPLAWN,OU=Computers,OU=Dept of Corrections,DC=co,DC=yakima,DC=wa,DC=us"
EMS-2157,2/26/2022 9:33,"CN=EMS-2157,OU=Computers,OU=Emergency Medical Services,DC=co,DC=yakima,DC=wa,DC=us"
EMS-INSTRUCTOR1,6/9/2022 9:13,"CN=EMS-INSTRUCTOR1,OU=Computers,OU=Emergency Medical Services,DC=co,DC=yakima,DC=wa,DC=us"
ESERIES-FS01,3/14/2022 8:39,"CN=ESERIES-FS01,OU=E-Series,OU=Domain Servers,DC=co,DC=yakima,DC=wa,DC=us"
ESERIES-FS02,3/14/2022 8:39,"CN=ESERIES-FS02,OU=E-Series,OU=Domain Servers,DC=co,DC=yakima,DC=wa,DC=us"
ESERIES-FS03,3/14/2022 8:39,"CN=ESERIES-FS03,OU=E-Series,OU=Domain Servers,DC=co,DC=yakima,DC=wa,DC=us"
EV-FD-C40,2/5/2020 15:02,"CN=EV-FD-C40,OU=East Valley Fire 4,DC=co,DC=yakima,DC=wa,DC=us"
FAC-2419,5/20/2021 21:07,"CN=FAC-2419,OU=Computers,OU=Facilities,DC=co,DC=yakima,DC=wa,DC=us"
FAC-JUV-1508,6/21/2021 12:51,"CN=FAC-JUV-1508,OU=Computers,OU=Facilities,DC=co,DC=yakima,DC=wa,DC=us"
FAC-MAINT-2401,12/1/2020 0:27,"CN=FAC-MAINT-2401,OU=Computers,OU=Facilities,DC=co,DC=yakima,DC=wa,DC=us"
FAC-MN-2208,1/18/2022 19:54,"CN=FAC-MN-2208,OU=Computers,OU=Facilities,DC=co,DC=yakima,DC=wa,DC=us"
FAC-MN-2402,8/3/2020 7:10,"CN=FAC-MN-2402,OU=Computers,OU=Facilities,DC=co,DC=yakima,DC=wa,DC=us"
FAC-MN-2404,1/16/2022 17:27,"CN=FAC-MN-2404,OU=NoApplocker,OU=Computers,OU=Facilities,DC=co,DC=yakima,DC=wa,DC=us"
FAC-MN-2416,1/24/2022 9:31,"CN=FAC-MN-2416,OU=Computers,OU=Facilities,DC=co,DC=yakima,DC=wa,DC=us"
FAC-MN-BR,1/14/2022 17:27,"CN=FAC-MN-BR,OU=Computers,OU=Facilities,DC=co,DC=yakima,DC=wa,DC=us"
FAC-MN-L2406,7/6/2020 13:05,"CN=FAC-MN-L2406,OU=Computers,OU=Facilities,DC=co,DC=yakima,DC=wa,DC=us"
FAC-RC-2411,2/3/2022 11:44,"CN=FAC-RC-2411,OU=Computers,OU=Facilities,DC=co,DC=yakima,DC=wa,DC=us"
FAC-RC-2452,12/7/2020 11:34,"CN=FAC-RC-2452,OU=Computers,OU=Facilities,DC=co,DC=yakima,DC=wa,DC=us"
FAC-YAK-2917,11/7/2020 18:43,"CN=FAC-YAK-2917,OU=Computers,OU=Facilities,DC=co,DC=yakima,DC=wa,DC=us"
FS-1315,6/3/2022 11:35,"CN=FS-1315,OU=FS,OU=Computers,OU=Financial Services,DC=co,DC=yakima,DC=wa,DC=us"
FS-1366,1/18/2022 9:03,"CN=FS-1366,OU=NoApplocker,OU=Computers,OU=Financial Services,DC=co,DC=yakima,DC=wa,DC=us"
GIS-CLEMAN,9/9/2021 2:16,"CN=GIS-CLEMAN,OU=Computers,OU=GIS,DC=co,DC=yakima,DC=wa,DC=us"
GIS-TUMAC,12/11/2021 12:11,"CN=GIS-TUMAC,OU=Computers,OU=GIS,DC=co,DC=yakima,DC=wa,DC=us"
HR-L2216,6/23/2022 18:36,"CN=HR-L2216,OU=NoApplocker,OU=Computers,OU=Human Resources,DC=co,DC=yakima,DC=wa,DC=us"
HR-L2225A,5/14/2020 7:41,"CN=HR-L2225A,OU=NoApplocker,OU=Computers,OU=Human Resources,DC=co,DC=yakima,DC=wa,DC=us"
HR-L2227,10/21/2020 10:33,"CN=HR-L2227,OU=NoApplocker,OU=Computers,OU=Human Resources,DC=co,DC=yakima,DC=wa,DC=us"
HR-REMOTE-SPARE,8/19/2020 15:42,"CN=HR-REMOTE-SPARE,OU=NoApplocker,OU=Computers,OU=Human Resources,DC=co,DC=yakima,DC=wa,DC=us"
HR-T2216,2/11/2020 13:09,"CN=HR-T2216,OU=NoApplocker,OU=Computers,OU=Human Resources,DC=co,DC=yakima,DC=wa,DC=us"
HR-TEMP,4/8/2020 13:41,"CN=HR-TEMP,OU=NoApplocker,OU=Computers,OU=Human Resources,DC=co,DC=yakima,DC=wa,DC=us"
HR-VNP-L2218,2/17/2022 4:50,"CN=HR-VNP-L2218,OU=NoApplocker,OU=Computers,OU=Human Resources,DC=co,DC=yakima,DC=wa,DC=us"
HR-VPN-L2212,11/29/2021 14:58,"CN=HR-VPN-L2212,OU=NoApplocker,OU=Computers,OU=Human Resources,DC=co,DC=yakima,DC=wa,DC=us"
JUV-2019,9/15/2021 16:14,"CN=JUV-2019,OU=Win7,OU=Computers,OU=Juvenile Court,DC=co,DC=yakima,DC=wa,DC=us"
JUV-2053,7/13/2022 15:10,"CN=JUV-2053,OU=Win7,OU=Computers,OU=Juvenile Court,DC=co,DC=yakima,DC=wa,DC=us"
JUV-2061,12/28/2021 5:10,"CN=JUV-2061,OU=Win7,OU=Computers,OU=Juvenile Court,DC=co,DC=yakima,DC=wa,DC=us"
JUV-2075,6/3/2022 15:36,"CN=JUV-2075,OU=Win7,OU=Computers,OU=Juvenile Court,DC=co,DC=yakima,DC=wa,DC=us"
JUV-2100,11/21/2021 5:52,"CN=JUV-2100,OU=Win7,OU=Computers,OU=Juvenile Court,DC=co,DC=yakima,DC=wa,DC=us"
JUV-2104,3/21/2022 9:37,"CN=JUV-2104,OU=Win7,OU=Computers,OU=Juvenile Court,DC=co,DC=yakima,DC=wa,DC=us"
JUV-2108,3/14/2022 13:45,"CN=JUV-2108,OU=Win7,OU=Computers,OU=Juvenile Court,DC=co,DC=yakima,DC=wa,DC=us"
JUV-3203,2/17/2022 14:25,"CN=JUV-3203,OU=Win7,OU=Computers,OU=Juvenile Court,DC=co,DC=yakima,DC=wa,DC=us"
JUV-ADM-L2073,6/15/2020 8:10,"CN=JUV-ADM-L2073,OU=Win7,OU=Computers,OU=Juvenile Court,DC=co,DC=yakima,DC=wa,DC=us"
JUV-GRNDVW,8/2/2021 9:07,"CN=JUV-GRNDVW,OU=Win7,OU=Computers,OU=Juvenile Court,DC=co,DC=yakima,DC=wa,DC=us"
JUV-L,7/8/2022 21:41,"CN=JUV-L,OU=Win7,OU=Computers,OU=Juvenile Court,DC=co,DC=yakima,DC=wa,DC=us"
JUV-L-BCKUP1,3/23/2022 16:00,"CN=JUV-L-BCKUP1,OU=Win7,OU=Computers,OU=Juvenile Court,DC=co,DC=yakima,DC=wa,DC=us"
JUV-L-BKUP2,7/11/2022 11:28,"CN=JUV-L-BKUP2,OU=Win7,OU=Computers,OU=Juvenile Court,DC=co,DC=yakima,DC=wa,DC=us"
JUV-MENT-2115,3/16/2022 9:42,"CN=JUV-MENT-2115,OU=Win7,OU=Computers,OU=Juvenile Court,DC=co,DC=yakima,DC=wa,DC=us"
JUV-SPARE-2,10/29/2020 9:19,"CN=JUV-SPARE-2,OU=Win7,OU=Computers,OU=Juvenile Court,DC=co,DC=yakima,DC=wa,DC=us"
JUV-SURF-SPARE,9/14/2020 9:04,"CN=JUV-SURF-SPARE,OU=Win7,OU=Computers,OU=Juvenile Court,DC=co,DC=yakima,DC=wa,DC=us"
JUV-TRACKER,12/6/2020 8:02,"CN=JUV-TRACKER,OU=Win7,OU=Computers,OU=Juvenile Court,DC=co,DC=yakima,DC=wa,DC=us"
JWPADOC,5/12/2022 14:57,"CN=JWPADOC,OU=Add SA Admins,OU=Domain Servers,DC=co,DC=yakima,DC=wa,DC=us"
MAIN-2968,1/21/2022 13:25,"CN=MAIN-2968,OU=Computers,OU=Facilities,DC=co,DC=yakima,DC=wa,DC=us"
MAIN-HVAC-B,1/10/2022 1:41,"CN=MAIN-HVAC-B,OU=Computers,OU=Facilities,DC=co,DC=yakima,DC=wa,DC=us"
MBTEST-2,4/23/2021 16:03,"CN=MBTEST-2,CN=Computers,DC=co,DC=yakima,DC=wa,DC=us"
MBTEST-3,4/23/2021 16:03,"CN=MBTEST-3,CN=Computers,DC=co,DC=yakima,DC=wa,DC=us"
MBTEST-4,4/23/2021 16:03,"CN=MBTEST-4,CN=Computers,DC=co,DC=yakima,DC=wa,DC=us"
MININT-3E39NDK,8/24/2020 8:08,"CN=MININT-3E39NDK,OU=Disabled Computers,DC=co,DC=yakima,DC=wa,DC=us"
MININT-I4K6EQR,3/3/2022 14:56,"CN=MININT-I4K6EQR,CN=Computers,DC=co,DC=yakima,DC=wa,DC=us"
NTKMS2,4/23/2020 23:27,"CN=NTKMS2,OU=Windows 7 and 10,OU=Computers,OU=Technology Services,DC=co,DC=yakima,DC=wa,DC=us"
NTVCOMPOSER,5/18/2022 11:27,"CN=NTVCOMPOSER,OU=Domain Servers,DC=co,DC=yakima,DC=wa,DC=us"
OEM-PAN-1,3/10/2020 13:22,"CN=OEM-PAN-1,OU=NoApplocker,OU=Computers,OU=Emergency Management,DC=co,DC=yakima,DC=wa,DC=us"
OEM-PAN-2,11/11/2019 14:19,"CN=OEM-PAN-2,OU=NoApplocker,OU=Computers,OU=Emergency Management,DC=co,DC=yakima,DC=wa,DC=us"
ONBASE-TEST,5/6/2022 9:00,"CN=ONBASE-TEST,CN=Computers,DC=co,DC=yakima,DC=wa,DC=us"
PA-DC-L1286,5/5/2022 2:16,"CN=PA-DC-L1286,OU=Computers,OU=Prosecutors,DC=co,DC=yakima,DC=wa,DC=us"
PA-LSPARE3,5/10/2022 13:19,"CN=PA-LSPARE3,OU=Computers,OU=Prosecutors,DC=co,DC=yakima,DC=wa,DC=us"
PRB-1878,5/13/2022 20:51,"CN=PRB-1878,OU=Computers,OU=DCProbation,DC=co,DC=yakima,DC=wa,DC=us"
PS-CE-L2248,11/9/2021 14:56,"CN=PS-CE-L2248,OU=CE,OU=Win7-WIN10,OU=Computers,OU=Public Services,DC=co,DC=yakima,DC=wa,DC=us"
PS-CE-L2293,5/17/2021 15:10,"CN=PS-CE-L2293,OU=CE,OU=Win7-WIN10,OU=Computers,OU=Public Services,DC=co,DC=yakima,DC=wa,DC=us"
PS-RM-IMG,3/21/2022 8:14,"CN=PS-RM-IMG,OU=RM,OU=Win7-WIN10,OU=Computers,OU=Public Services,DC=co,DC=yakima,DC=wa,DC=us"
PS-ROW-2332L,5/10/2022 6:30,"CN=PS-ROW-2332L,OU=ROW,OU=Win7-WIN10,OU=Computers,OU=Public Services,DC=co,DC=yakima,DC=wa,DC=us"
PS-SH-L2342,6/22/2021 11:52,"CN=PS-SH-L2342,OU=Computers,OU=Human Services,DC=co,DC=yakima,DC=wa,DC=us"
PS-SH-L2812,5/12/2022 13:38,"CN=PS-SH-L2812,OU=SH,OU=Win7-WIN10,OU=Computers,OU=Public Services,DC=co,DC=yakima,DC=wa,DC=us"
PS-SW-BACKUP,2/9/2022 14:40,"CN=PS-SW-BACKUP,OU=NO Applocker,OU=Win7-WIN10,OU=Computers,OU=Public Services,DC=co,DC=yakima,DC=wa,DC=us"
PS-SW-CONF,7/4/2022 16:14,"CN=PS-SW-CONF,OU=Computers,OU=Solid Waste,DC=co,DC=yakima,DC=wa,DC=us"
PS-SW-N2460,10/2/2021 10:05,"CN=PS-SW-N2460,OU=Computers,OU=Solid Waste,DC=co,DC=yakima,DC=wa,DC=us"
PS-SW-S2459,12/11/2020 12:11,"CN=PS-SW-S2459,OU=ADM,OU=Win7-WIN10,OU=Computers,OU=Public Services,DC=co,DC=yakima,DC=wa,DC=us"
PS-SW-S2460,12/11/2020 11:48,"CN=PS-SW-S2460,OU=ADM,OU=Win7-WIN10,OU=Computers,OU=Public Services,DC=co,DC=yakima,DC=wa,DC=us"
PS-SW-SH-SRVR,2/19/2018 5:47,"CN=PS-SW-SH-SRVR,OU=Computers,OU=Solid Waste,DC=co,DC=yakima,DC=wa,DC=us"
PS-TRA-L2317,5/4/2022 9:19,"CN=PS-TRA-L2317,OU=TRA,OU=Win7-WIN10,OU=Computers,OU=Public Services,DC=co,DC=yakima,DC=wa,DC=us"
SC-ADM-2733,6/13/2020 14:54,"CN=SC-ADM-2733,OU=Computers,OU=Superior Court,DC=co,DC=yakima,DC=wa,DC=us"
SCCM-TEST02,4/6/2022 16:34,"CN=SCCM-TEST02,OU=Computers,OU=SCCM-testing,DC=co,DC=yakima,DC=wa,DC=us"
SCCM-TEST03,1/25/2022 14:05,"CN=SCCM-TEST03,OU=Computers,OU=SCCM-testing,DC=co,DC=yakima,DC=wa,DC=us"
SCCM-TEST04,1/25/2022 14:25,"CN=SCCM-TEST04,OU=Computers,OU=SCCM-testing,DC=co,DC=yakima,DC=wa,DC=us"
SCCM-TEST05,6/29/2022 17:27,"CN=SCCM-TEST05,OU=Computers,OU=SCCM-testing,DC=co,DC=yakima,DC=wa,DC=us"
SCCM-TEST2,6/15/2020 14:28,"CN=SCCM-TEST2,OU=Windows 7 and 10,OU=Computers,OU=Technology Services,DC=co,DC=yakima,DC=wa,DC=us"
SC-FC-1888,7/15/2022 8:38,"CN=SC-FC-1888,OU=Computers,OU=Superior Court,DC=co,DC=yakima,DC=wa,DC=us"
SC-FC-L1896,8/24/2021 12:36,"CN=SC-FC-L1896,OU=Computers,OU=Superior Court,DC=co,DC=yakima,DC=wa,DC=us"
SC-LSPARE,10/18/2021 11:43,"CN=SC-LSPARE,OU=Computers,OU=Superior Court,DC=co,DC=yakima,DC=wa,DC=us"
SC-L-SPARE,6/18/2020 17:35,"CN=SC-L-SPARE,OU=Computers,OU=Superior Court,DC=co,DC=yakima,DC=wa,DC=us"
SC-L-XTRA,6/18/2020 8:37,"CN=SC-L-XTRA,OU=Computers,OU=Superior Court,DC=co,DC=yakima,DC=wa,DC=us"
SCOM-REC1-OLD,9/25/2021 10:09,"CN=SCOM-REC1-OLD,CN=Computers,DC=co,DC=yakima,DC=wa,DC=us"
SC-XTRA-L,7/11/2022 15:32,"CN=SC-XTRA-L,OU=Computers,OU=Superior Court,DC=co,DC=yakima,DC=wa,DC=us"
SHF-CAR-WESR,10/12/2021 8:59,"CN=SHF-CAR-WESR,OU=Win10 Patrols,OU=Windows 10,OU=Computers,OU=Sheriffs,DC=co,DC=yakima,DC=wa,DC=us"
SHF-DET-CSVEH,5/19/2021 8:31,"CN=SHF-DET-CSVEH,OU=Win10 Patrols,OU=Windows 10,OU=Computers,OU=Sheriffs,DC=co,DC=yakima,DC=wa,DC=us"
SHF-DOOR-SERVER,11/26/2010 11:26,"CN=SHF-DOOR-SERVER,OU=Computers,OU=Sheriffs,DC=co,DC=yakima,DC=wa,DC=us"
SHF-LEAD-L2634,2/15/2022 18:52,"CN=SHF-LEAD-L2634,OU=Computers,OU=Lead,OU=Sheriffs,DC=co,DC=yakima,DC=wa,DC=us"
SHF-LEAD-L2637,4/30/2022 6:24,"CN=SHF-LEAD-L2637,OU=Lead,OU=Sheriffs,DC=co,DC=yakima,DC=wa,DC=us"
SHF-LEAD-ROBRTC,6/2/2022 11:42,"CN=SHF-LEAD-ROBRTC,OU=Computers,OU=Lead,OU=Sheriffs,DC=co,DC=yakima,DC=wa,DC=us"
SHF-RADIO-CARL,4/7/2021 16:04,"CN=SHF-RADIO-CARL,OU=Disabled Computers,DC=co,DC=yakima,DC=wa,DC=us"
SHF-SWAT,10/28/2020 6:35,"CN=SHF-SWAT,OU=Windows 10,OU=Computers,OU=Sheriffs,DC=co,DC=yakima,DC=wa,DC=us"
SHF-T-JESSER,3/19/2021 13:01,"CN=SHF-T-JESSER,OU=Windows 10,OU=Computers,OU=Sheriffs,DC=co,DC=yakima,DC=wa,DC=us"
SHF-VOTF-B,6/29/2022 9:53,"CN=SHF-VOTF-B,OU=Windows 10,OU=Computers,OU=Sheriffs,DC=co,DC=yakima,DC=wa,DC=us"
SS-GIS-1015,9/9/2020 12:12,"CN=SS-GIS-1015,OU=Computer,OU=Sunnyside,DC=co,DC=yakima,DC=wa,DC=us"
SUPER-TEST1,3/1/2022 23:17,"CN=SUPER-TEST1,CN=Computers,DC=co,DC=yakima,DC=wa,DC=us"
SW-CHYN-BR,8/31/2021 8:57,"CN=SW-CHYN-BR,OU=Computers,OU=Solid Waste,DC=co,DC=yakima,DC=wa,DC=us"
SW-CHYN-MNGR,10/5/2021 10:31,"CN=SW-CHYN-MNGR,OU=Computers,OU=Solid Waste,DC=co,DC=yakima,DC=wa,DC=us"
SW-THLF-2934O,12/18/2020 9:34,"CN=SW-THLF-2934O,OU=Computers,OU=Solid Waste,DC=co,DC=yakima,DC=wa,DC=us"
SW-THLF-SPARE,12/18/2020 8:19,"CN=SW-THLF-SPARE,OU=Shared Mailboxes (No DirSync),DC=co,DC=yakima,DC=wa,DC=us"
TEST_MIKEA_2019,2/28/2021 8:24,"CN=TEST_MIKEA_2019,OU=DART-10-8-2020,OU=Win7-Win10,OU=Computers,OU=Auditors,DC=co,DC=yakima,DC=wa,DC=us"
TS-ADM-L2036,11/3/2021 9:30,"CN=TS-ADM-L2036,OU=Windows 7 and 10,OU=Computers,OU=Technology Services,DC=co,DC=yakima,DC=wa,DC=us"
TS-ADM-S1992,5/12/2020 16:57,"CN=TS-ADM-S1992,OU=Windows 7 and 10,OU=Computers,OU=Technology Services,DC=co,DC=yakima,DC=wa,DC=us"
TS-ASRTEST,5/22/2022 5:57,"CN=TS-ASRTEST,OU=NoAppLocker,OU=Computers,OU=Assessors,DC=co,DC=yakima,DC=wa,DC=us"
TS-HD-L2000,12/18/2019 7:24,"CN=TS-HD-L2000,OU=Windows 7 and 10,OU=Computers,OU=Technology Services,DC=co,DC=yakima,DC=wa,DC=us"
TS-HD-S2000,10/20/2020 7:37,"CN=TS-HD-S2000,OU=Windows 7 and 10,OU=Computers,OU=Technology Services,DC=co,DC=yakima,DC=wa,DC=us"
TS-IS-1973-WIN1,2/11/2021 9:28,"CN=TS-IS-1973-WIN1,OU=Computers,OU=Technology Services,DC=co,DC=yakima,DC=wa,DC=us"
TS-LAB-APT2,3/27/2022 8:07,"CN=TS-LAB-APT2,OU=Domain Servers,DC=co,DC=yakima,DC=wa,DC=us"
TS-LAB-PSAPPS,3/27/2022 2:13,"CN=TS-LAB-PSAPPS,OU=Add SA Admins,OU=Domain Servers,DC=co,DC=yakima,DC=wa,DC=us"
TS-LOANER-12,6/30/2022 9:29,"CN=TS-LOANER-12,OU=Loan_pool,DC=co,DC=yakima,DC=wa,DC=us"
TS-LOANER-13,5/27/2022 13:59,"CN=TS-LOANER-13,OU=Loan_pool,DC=co,DC=yakima,DC=wa,DC=us"
TS-LOANER-14,6/29/2022 15:14,"CN=TS-LOANER-14,OU=Loan_pool,DC=co,DC=yakima,DC=wa,DC=us"
TS-LOANER-15,6/29/2022 12:07,"CN=TS-LOANER-15,OU=Loan_pool,DC=co,DC=yakima,DC=wa,DC=us"
TS-LOANER-17,8/23/2021 12:57,"CN=TS-LOANER-17,OU=Loan_pool,DC=co,DC=yakima,DC=wa,DC=us"
TS-LOANER-18,7/1/2022 13:39,"CN=TS-LOANER-18,OU=Loan_pool,DC=co,DC=yakima,DC=wa,DC=us"
TS-LOANER-2,5/23/2022 2:47,"CN=TS-LOANER-2,OU=Loan_pool,DC=co,DC=yakima,DC=wa,DC=us"
TS-LOANER-20,5/20/2022 7:40,"CN=TS-LOANER-20,OU=Loan_pool,DC=co,DC=yakima,DC=wa,DC=us"
TS-LOANER-21,5/27/2022 14:26,"CN=TS-LOANER-21,OU=Loan_pool,DC=co,DC=yakima,DC=wa,DC=us"
TS-LOANER-23,5/19/2022 9:51,"CN=TS-LOANER-23,OU=Loan_pool,DC=co,DC=yakima,DC=wa,DC=us"
TS-LOANER-25,5/3/2022 13:12,"CN=TS-LOANER-25,OU=Loan_pool,DC=co,DC=yakima,DC=wa,DC=us"
TS-LOANER-26,7/15/2022 9:43,"CN=TS-LOANER-26,OU=Loan_pool,DC=co,DC=yakima,DC=wa,DC=us"
TS-LOANER-3,7/5/2022 12:34,"CN=TS-LOANER-3,OU=Loan_pool,DC=co,DC=yakima,DC=wa,DC=us"
TS-LOANER-30,5/27/2022 14:39,"CN=TS-LOANER-30,OU=Loan_pool,DC=co,DC=yakima,DC=wa,DC=us"
TS-LOANER-31,6/21/2022 8:12,"CN=TS-LOANER-31,OU=Loan_pool,DC=co,DC=yakima,DC=wa,DC=us"
TS-LOANER-33,6/29/2022 9:54,"CN=TS-LOANER-33,OU=Loan_pool,DC=co,DC=yakima,DC=wa,DC=us"
TS-LOANER-34,5/19/2022 12:29,"CN=TS-LOANER-34,OU=Loan_pool,DC=co,DC=yakima,DC=wa,DC=us"
TS-LOANER-5,6/30/2022 9:20,"CN=TS-LOANER-5,OU=Loan_pool,DC=co,DC=yakima,DC=wa,DC=us"
TS-LOANER-9,5/20/2022 9:01,"CN=TS-LOANER-9,OU=Loan_pool,DC=co,DC=yakima,DC=wa,DC=us"
TS-LOANER-PA,4/15/2021 13:34,"CN=TS-LOANER-PA,OU=Loan_pool,DC=co,DC=yakima,DC=wa,DC=us"
TS-NO-1978,4/12/2022 9:53,"CN=TS-NO-1978,OU=Windows 7 and 10,OU=Computers,OU=Technology Services,DC=co,DC=yakima,DC=wa,DC=us"
TS-NO-1984,1/28/2020 9:06,"CN=TS-NO-1984,OU=Windows 7 and 10,OU=Computers,OU=Technology Services,DC=co,DC=yakima,DC=wa,DC=us"
TS-NO-2036,6/10/2021 3:09,"CN=TS-NO-2036,OU=Windows 7 and 10,OU=Computers,OU=Technology Services,DC=co,DC=yakima,DC=wa,DC=us"
TS-NO-L-021660,2/24/2021 14:04,"CN=TS-NO-L-021660,OU=Windows 7 and 10,OU=Computers,OU=Technology Services,DC=co,DC=yakima,DC=wa,DC=us"
TS-NO-L1970X,12/2/2020 8:55,"CN=TS-NO-L1970X,OU=Windows 7 and 10,OU=Computers,OU=Technology Services,DC=co,DC=yakima,DC=wa,DC=us"
TS-NO-L2036,5/25/2022 14:48,"CN=TS-NO-L2036,OU=Windows 7 and 10,OU=Computers,OU=Technology Services,DC=co,DC=yakima,DC=wa,DC=us"
TS-NO-L2036A,3/13/2020 11:22,"CN=TS-NO-L2036A,OU=Windows 7 and 10,OU=Computers,OU=Technology Services,DC=co,DC=yakima,DC=wa,DC=us"
TS-NO-S2036,7/5/2020 13:21,"CN=TS-NO-S2036,OU=Windows 7 and 10,OU=Computers,OU=Technology Services,DC=co,DC=yakima,DC=wa,DC=us"
TS-PXE-TEST,8/24/2020 9:00,"CN=TS-PXE-TEST,OU=Windows 7 and 10,OU=Computers,OU=Technology Services,DC=co,DC=yakima,DC=wa,DC=us"
TS-REVENGE,11/26/2020 13:14,"CN=TS-REVENGE,OU=Computers,OU=Technology Services,DC=co,DC=yakima,DC=wa,DC=us"
TS-SA-1975,2/1/2020 13:40,"CN=TS-SA-1975,OU=Windows 7 and 10,OU=Computers,OU=Technology Services,DC=co,DC=yakima,DC=wa,DC=us"
TS-SA-1975S,12/4/2019 9:55,"CN=TS-SA-1975S,OU=Windows 7 and 10,OU=Computers,OU=Technology Services,DC=co,DC=yakima,DC=wa,DC=us"
TS-SA-1976V1,6/15/2022 7:58,"CN=TS-SA-1976V1,CN=Computers,DC=co,DC=yakima,DC=wa,DC=us"
TS-SA-1977A,4/13/2022 21:01,"CN=TS-SA-1977A,OU=Windows 7 and 10,OU=Computers,OU=Technology Services,DC=co,DC=yakima,DC=wa,DC=us"
TS-SA-1977B,4/8/2022 21:32,"CN=TS-SA-1977B,OU=Windows 7 and 10,OU=Computers,OU=Technology Services,DC=co,DC=yakima,DC=wa,DC=us"
TS-SA-1991,6/1/2022 23:20,"CN=TS-SA-1991,CN=Computers,DC=co,DC=yakima,DC=wa,DC=us"
TS-SA-1996,1/2/2022 22:24,"CN=TS-SA-1996,OU=Windows 7 and 10,OU=Computers,OU=Technology Services,DC=co,DC=yakima,DC=wa,DC=us"
TS-SA2014-TAB,10/7/2021 11:46,"CN=TS-SA2014-TAB,CN=Computers,DC=co,DC=yakima,DC=wa,DC=us"
TS-SA-2036,6/21/2022 8:29,"CN=TS-SA-2036,OU=Windows 7 and 10,OU=Computers,OU=Technology Services,DC=co,DC=yakima,DC=wa,DC=us"
TS-SA-GRADY,3/2/2022 11:00,"CN=TS-SA-GRADY,OU=Computers,OU=Technology Services,DC=co,DC=yakima,DC=wa,DC=us"
TS-SA-OLD,2/24/2022 9:34,"CN=TS-SA-OLD,OU=Windows 7 and 10,OU=Computers,OU=Technology Services,DC=co,DC=yakima,DC=wa,DC=us"
TS-SA-SPARE,1/7/2022 8:47,"CN=TS-SA-SPARE,CN=Computers,DC=co,DC=yakima,DC=wa,DC=us"
TS-SA-TEST1C,1/10/2022 15:20,"CN=TS-SA-TEST1C,CN=Computers,DC=co,DC=yakima,DC=wa,DC=us"
TS-SCCMSWTEST,11/4/2020 9:53,"CN=TS-SCCMSWTEST,OU=Windows 7 and 10,OU=Computers,OU=Technology Services,DC=co,DC=yakima,DC=wa,DC=us"
TS-SEE-JESSE,8/24/2020 11:16,"CN=TS-SEE-JESSE,OU=Disabled Computers,DC=co,DC=yakima,DC=wa,DC=us"
TS-TEST-DEL,8/25/2020 9:00,"CN=TS-TEST-DEL,OU=Disabled Computers,DC=co,DC=yakima,DC=wa,DC=us"
TS-TRN-CART1-10,6/29/2022 9:14,"CN=TS-TRN-CART1-10,OU=LAPS,OU=Testing OU,DC=co,DC=yakima,DC=wa,DC=us"
TS-TRN-CART1-11,6/29/2022 9:13,"CN=TS-TRN-CART1-11,OU=Computers,OU=Training,DC=co,DC=yakima,DC=wa,DC=us"
TS-TRN-CART1-12,6/29/2022 10:10,"CN=TS-TRN-CART1-12,OU=Computers,OU=Training,DC=co,DC=yakima,DC=wa,DC=us"
TS-TRN-CART1-13,6/30/2022 8:57,"CN=TS-TRN-CART1-13,OU=Computers,OU=Training,DC=co,DC=yakima,DC=wa,DC=us"
TS-TRN-CART1-14,6/30/2022 8:41,"CN=TS-TRN-CART1-14,OU=Computers,OU=Training,DC=co,DC=yakima,DC=wa,DC=us"
TS-TRN-CART1-15,6/30/2022 8:30,"CN=TS-TRN-CART1-15,OU=Computers,OU=Training,DC=co,DC=yakima,DC=wa,DC=us"
TS-TRN-CART1-16,6/30/2022 10:34,"CN=TS-TRN-CART1-16,OU=Computers,OU=Training,DC=co,DC=yakima,DC=wa,DC=us"
TS-TRN-CART1-17,6/29/2022 9:00,"CN=TS-TRN-CART1-17,OU=Computers,OU=Training,DC=co,DC=yakima,DC=wa,DC=us"
TS-TRN-CART1-19,6/30/2022 8:09,"CN=TS-TRN-CART1-19,OU=Computers,OU=Training,DC=co,DC=yakima,DC=wa,DC=us"
TS-TRN-CART1-2,6/28/2022 13:39,"CN=TS-TRN-CART1-2,OU=Computers,OU=Training,DC=co,DC=yakima,DC=wa,DC=us"
TS-TRN-CART1-20,6/30/2022 8:05,"CN=TS-TRN-CART1-20,OU=LAPS,OU=Testing OU,DC=co,DC=yakima,DC=wa,DC=us"
TS-TRN-CART1-4,6/22/2022 7:49,"CN=TS-TRN-CART1-4,OU=Computers,OU=Training,DC=co,DC=yakima,DC=wa,DC=us"
TS-TRN-CART1-5,6/29/2022 7:23,"CN=TS-TRN-CART1-5,OU=Computers,OU=Training,DC=co,DC=yakima,DC=wa,DC=us"
TS-TRN-CART1-6,8/4/2020 12:48,"CN=TS-TRN-CART1-6,OU=Computers,OU=Training,DC=co,DC=yakima,DC=wa,DC=us"
TS-TRN-CART1-7,6/30/2022 8:01,"CN=TS-TRN-CART1-7,OU=Computers,OU=Training,DC=co,DC=yakima,DC=wa,DC=us"
TS-TRN-CART1-8,6/29/2022 9:44,"CN=TS-TRN-CART1-8,OU=Computers,OU=Training,DC=co,DC=yakima,DC=wa,DC=us"
TS-TRN-CART1-9,6/22/2022 7:55,"CN=TS-TRN-CART1-9,OU=Computers,OU=Training,DC=co,DC=yakima,DC=wa,DC=us"
TS-TRN-CART2-03,6/24/2022 7:05,"CN=TS-TRN-CART2-03,OU=Computers,OU=Dept of Corrections,DC=co,DC=yakima,DC=wa,DC=us"
TS-TRN-CART2-04,6/24/2022 9:01,"CN=TS-TRN-CART2-04,OU=Computers,OU=Dept of Corrections,DC=co,DC=yakima,DC=wa,DC=us"
TS-TRN-CART2-08,6/24/2022 13:42,"CN=TS-TRN-CART2-08,OU=Computers,OU=Dept of Corrections,DC=co,DC=yakima,DC=wa,DC=us"
TS-TRN-CART2-10,6/24/2022 15:10,"CN=TS-TRN-CART2-10,OU=Computers,OU=Dept of Corrections,DC=co,DC=yakima,DC=wa,DC=us"
TS-TRN-CART2-11,6/24/2022 15:19,"CN=TS-TRN-CART2-11,OU=Computers,OU=Dept of Corrections,DC=co,DC=yakima,DC=wa,DC=us"
TS-TRN-CART2-12,6/28/2022 12:55,"CN=TS-TRN-CART2-12,OU=Computers,OU=Dept of Corrections,DC=co,DC=yakima,DC=wa,DC=us"
TS-TRN-CART2-13,6/28/2022 13:08,"CN=TS-TRN-CART2-13,OU=Computers,OU=Dept of Corrections,DC=co,DC=yakima,DC=wa,DC=us"
TS-TRN-CART2-14,6/28/2022 15:04,"CN=TS-TRN-CART2-14,OU=Computers,OU=Dept of Corrections,DC=co,DC=yakima,DC=wa,DC=us"
TS-TRN-CART2-15,6/29/2022 8:10,"CN=TS-TRN-CART2-15,OU=Computers,OU=Dept of Corrections,DC=co,DC=yakima,DC=wa,DC=us"
TS-TRN-CART2-16,6/29/2022 9:36,"CN=TS-TRN-CART2-16,OU=Computers,OU=Dept of Corrections,DC=co,DC=yakima,DC=wa,DC=us"
TS-TRN-CART2-17,6/29/2022 9:45,"CN=TS-TRN-CART2-17,OU=Computers,OU=Dept of Corrections,DC=co,DC=yakima,DC=wa,DC=us"
TS-TRN-CART2-18,6/29/2022 12:46,"CN=TS-TRN-CART2-18,OU=Computers,OU=Dept of Corrections,DC=co,DC=yakima,DC=wa,DC=us"
TS-TRN-CART2-19,6/29/2022 12:50,"CN=TS-TRN-CART2-19,OU=Computers,OU=Dept of Corrections,DC=co,DC=yakima,DC=wa,DC=us"
TS-TRN-CART2-20,6/29/2022 14:30,"CN=TS-TRN-CART2-20,OU=Computers,OU=Dept of Corrections,DC=co,DC=yakima,DC=wa,DC=us"
TS-WS-1022E,12/10/2020 12:39,"CN=TS-WS-1022E,OU=Windows 7 and 10,OU=Computers,OU=Technology Services,DC=co,DC=yakima,DC=wa,DC=us"
TS-WS-1022Z,6/23/2022 10:15,"CN=TS-WS-1022Z,OU=Windows 7 and 10,OU=Computers,OU=Technology Services,DC=co,DC=yakima,DC=wa,DC=us"
TS-WS-1971S,4/8/2022 12:44,"CN=TS-WS-1971S,OU=Computers,OU=Technology Services,DC=co,DC=yakima,DC=wa,DC=us"
TS-WS-JOEL,6/23/2021 15:54,"CN=TS-WS-JOEL,OU=Windows 7 and 10,OU=Computers,OU=Technology Services,DC=co,DC=yakima,DC=wa,DC=us"
V10-TS-001,1/26/2020 14:25,"CN=V10-TS-001,OU=Computers,OU=Technology Services,DC=co,DC=yakima,DC=wa,DC=us"
V10-TS-004,2/20/2020 7:20,"CN=V10-TS-004,OU=Computers,OU=Technology Services,DC=co,DC=yakima,DC=wa,DC=us"
V10-TS-005,1/17/2020 9:12,"CN=V10-TS-005,OU=Computers,OU=Technology Services,DC=co,DC=yakima,DC=wa,DC=us"
V10-TS-006,1/17/2020 9:19,"CN=V10-TS-006,OU=Computers,OU=Technology Services,DC=co,DC=yakima,DC=wa,DC=us"
V10-TS-007,1/17/2020 9:26,"CN=V10-TS-007,OU=Computers,OU=Technology Services,DC=co,DC=yakima,DC=wa,DC=us"
V10-TS-PTEST,5/4/2022 8:21,"CN=V10-TS-PTEST,OU=Computers,OU=Technology Services,DC=co,DC=yakima,DC=wa,DC=us"
VD-C19-0,2/14/2021 9:39,"CN=VD-C19-0,OU=C19,OU=RDS-VD,DC=co,DC=yakima,DC=wa,DC=us"
VD-C19-1,3/17/2020 12:23,"CN=VD-C19-1,OU=C19,OU=RDS-VD,DC=co,DC=yakima,DC=wa,DC=us"
VD-C19-10,3/17/2020 14:34,"CN=VD-C19-10,OU=C19,OU=RDS-VD,DC=co,DC=yakima,DC=wa,DC=us"
VD-C19-11,3/17/2020 14:37,"CN=VD-C19-11,OU=C19,OU=RDS-VD,DC=co,DC=yakima,DC=wa,DC=us"
VD-C19-12,10/15/2020 19:16,"CN=VD-C19-12,OU=C19,OU=RDS-VD,DC=co,DC=yakima,DC=wa,DC=us"
VD-C19-13,10/18/2020 23:19,"CN=VD-C19-13,OU=C19,OU=RDS-VD,DC=co,DC=yakima,DC=wa,DC=us"
VD-C19-14,3/17/2020 15:33,"CN=VD-C19-14,OU=C19,OU=RDS-VD,DC=co,DC=yakima,DC=wa,DC=us"
VD-C19-15,3/17/2020 15:35,"CN=VD-C19-15,OU=C19,OU=RDS-VD,DC=co,DC=yakima,DC=wa,DC=us"
VD-C19-16,3/17/2020 15:38,"CN=VD-C19-16,OU=C19,OU=RDS-VD,DC=co,DC=yakima,DC=wa,DC=us"
VD-C19-17,3/17/2020 15:41,"CN=VD-C19-17,OU=C19,OU=RDS-VD,DC=co,DC=yakima,DC=wa,DC=us"
VD-C19-18,3/17/2020 15:45,"CN=VD-C19-18,OU=C19,OU=RDS-VD,DC=co,DC=yakima,DC=wa,DC=us"
VD-C19-19,3/17/2020 15:48,"CN=VD-C19-19,OU=C19,OU=RDS-VD,DC=co,DC=yakima,DC=wa,DC=us"
VD-C19-2,3/17/2020 13:44,"CN=VD-C19-2,OU=C19,OU=RDS-VD,DC=co,DC=yakima,DC=wa,DC=us"
VD-C19-20,3/17/2020 15:52,"CN=VD-C19-20,OU=C19,OU=RDS-VD,DC=co,DC=yakima,DC=wa,DC=us"
VD-C19-21,3/17/2020 15:55,"CN=VD-C19-21,OU=C19,OU=RDS-VD,DC=co,DC=yakima,DC=wa,DC=us"
VD-C19-22,2/18/2021 0:36,"CN=VD-C19-22,OU=C19,OU=RDS-VD,DC=co,DC=yakima,DC=wa,DC=us"
VD-C19-23,3/18/2020 14:59,"CN=VD-C19-23,OU=C19,OU=RDS-VD,DC=co,DC=yakima,DC=wa,DC=us"
VD-C19-24,3/18/2020 15:05,"CN=VD-C19-24,OU=C19,OU=RDS-VD,DC=co,DC=yakima,DC=wa,DC=us"
VD-C19-3,3/17/2020 13:47,"CN=VD-C19-3,OU=C19,OU=RDS-VD,DC=co,DC=yakima,DC=wa,DC=us"
VD-C19-4,3/17/2020 13:50,"CN=VD-C19-4,OU=C19,OU=RDS-VD,DC=co,DC=yakima,DC=wa,DC=us"
VD-C19-5,3/17/2020 13:54,"CN=VD-C19-5,OU=C19,OU=RDS-VD,DC=co,DC=yakima,DC=wa,DC=us"
VD-C19-6,3/17/2020 13:58,"CN=VD-C19-6,OU=C19,OU=RDS-VD,DC=co,DC=yakima,DC=wa,DC=us"
VD-C19-7,3/17/2020 14:25,"CN=VD-C19-7,OU=C19,OU=RDS-VD,DC=co,DC=yakima,DC=wa,DC=us"
VD-C19-8,3/17/2020 14:28,"CN=VD-C19-8,OU=C19,OU=RDS-VD,DC=co,DC=yakima,DC=wa,DC=us"
VD-C19-9,3/17/2020 14:31,"CN=VD-C19-9,OU=C19,OU=RDS-VD,DC=co,DC=yakima,DC=wa,DC=us"
VD-CAYENTA-1,2/12/2020 16:57,"CN=VD-CAYENTA-1,OU=Cayenta,OU=RDS-VD,DC=co,DC=yakima,DC=wa,DC=us"
VD-CAYENTA-11,2/21/2020 15:16,"CN=VD-CAYENTA-11,OU=Cayenta,OU=RDS-VD,DC=co,DC=yakima,DC=wa,DC=us"
VD-CAYENTA-13,10/15/2020 16:46,"CN=VD-CAYENTA-13,OU=Cayenta,OU=RDS-VD,DC=co,DC=yakima,DC=wa,DC=us"
VD-CAYENTA-3,2/18/2021 20:53,"CN=VD-CAYENTA-3,OU=Cayenta,OU=RDS-VD,DC=co,DC=yakima,DC=wa,DC=us"
VD-CAYENTA-7,2/21/2020 14:55,"CN=VD-CAYENTA-7,OU=Cayenta,OU=RDS-VD,DC=co,DC=yakima,DC=wa,DC=us"
VD-CAYENTA-M,2/12/2020 12:47,"CN=VD-CAYENTA-M,OU=Cayenta,OU=RDS-VD,DC=co,DC=yakima,DC=wa,DC=us"
VDI-ASR-001,2/16/2020 15:34,"CN=VDI-ASR-001,OU=Assessor,OU=Unidesk,OU=VDI,DC=co,DC=yakima,DC=wa,DC=us"
VDI-EXTOB-001,3/17/2020 13:23,"CN=VDI-EXTOB-001,OU=External OnBase Access,OU=Unidesk,OU=VDI,DC=co,DC=yakima,DC=wa,DC=us"
VDI-FD5-001,3/18/2020 7:01,"CN=VDI-FD5-001,OU=FireDistrict5,OU=Unidesk,OU=VDI,DC=co,DC=yakima,DC=wa,DC=us"
VDI-FD5-003,3/19/2020 16:55,"CN=VDI-FD5-003,OU=FireDistrict5,OU=Unidesk,OU=VDI,DC=co,DC=yakima,DC=wa,DC=us"
VDI-FD5-004,3/23/2020 0:34,"CN=VDI-FD5-004,OU=FireDistrict5,OU=Unidesk,OU=VDI,DC=co,DC=yakima,DC=wa,DC=us"
VDI-FIN-002,2/18/2020 17:36,"CN=VDI-FIN-002,OU=Financial Services,OU=Unidesk,OU=VDI,DC=co,DC=yakima,DC=wa,DC=us"
VDI-HD-022,3/25/2020 7:13,"CN=VDI-HD-022,OU=Health District Admin,OU=Unidesk,OU=VDI,DC=co,DC=yakima,DC=wa,DC=us"
VDI-HD-032,3/25/2020 7:13,"CN=VDI-HD-032,OU=Health District Admin,OU=Unidesk,OU=VDI,DC=co,DC=yakima,DC=wa,DC=us"
VDI-PA-002,3/20/2020 21:30,"CN=VDI-PA-002,OU=Prosecutors,OU=Unidesk,OU=VDI,DC=co,DC=yakima,DC=wa,DC=us"
VDI-PA-006,3/20/2020 16:14,"CN=VDI-PA-006,OU=Prosecutors,OU=Unidesk,OU=VDI,DC=co,DC=yakima,DC=wa,DC=us"
VDI-PA-007,3/22/2020 4:25,"CN=VDI-PA-007,OU=Prosecutors,OU=Unidesk,OU=VDI,DC=co,DC=yakima,DC=wa,DC=us"
VDI-PA-008,3/20/2020 17:36,"CN=VDI-PA-008,OU=Prosecutors,OU=Unidesk,OU=VDI,DC=co,DC=yakima,DC=wa,DC=us"
VDI-PA-010,3/20/2020 15:43,"CN=VDI-PA-010,OU=Prosecutors,OU=Unidesk,OU=VDI,DC=co,DC=yakima,DC=wa,DC=us"
VDI-PA-011,3/21/2020 6:05,"CN=VDI-PA-011,OU=Prosecutors,OU=Unidesk,OU=VDI,DC=co,DC=yakima,DC=wa,DC=us"
VDI-PA-014,3/17/2020 22:32,"CN=VDI-PA-014,OU=Prosecutors,OU=Unidesk,OU=VDI,DC=co,DC=yakima,DC=wa,DC=us"
VDI-PA-015,3/19/2020 6:51,"CN=VDI-PA-015,OU=Prosecutors,OU=Unidesk,OU=VDI,DC=co,DC=yakima,DC=wa,DC=us"
VDI-TS-001,3/22/2020 15:22,"CN=VDI-TS-001,OU=Technology Services,OU=Unidesk,OU=VDI,DC=co,DC=yakima,DC=wa,DC=us"
VDI-TS-002,12/26/2020 1:44,"CN=VDI-TS-002,OU=Technology Services,OU=Unidesk,OU=VDI,DC=co,DC=yakima,DC=wa,DC=us"
VD-ONBASE-1,1/14/2021 21:59,"CN=VD-ONBASE-1,OU=OnBase,OU=RDS-VD,DC=co,DC=yakima,DC=wa,DC=us"
VD-ONBASE-2,1/14/2021 21:59,"CN=VD-ONBASE-2,OU=OnBase,OU=RDS-VD,DC=co,DC=yakima,DC=wa,DC=us"
VD-ONBASE-M,4/15/2020 11:17,"CN=VD-ONBASE-M,OU=OnBase,OU=RDS-VD,DC=co,DC=yakima,DC=wa,DC=us"
VD-PERSIS-1,8/4/2020 10:48,"CN=VD-PERSIS-1,OU=VD-Persis,OU=RDS-VD,DC=co,DC=yakima,DC=wa,DC=us"
VD-PERSIS-3,2/18/2021 20:53,"CN=VD-PERSIS-3,OU=VD-Persis,OU=RDS-VD,DC=co,DC=yakima,DC=wa,DC=us"
VD-PERSIS-5,2/8/2021 22:00,"CN=VD-PERSIS-5,OU=VD-Persis,OU=RDS-VD,DC=co,DC=yakima,DC=wa,DC=us"
VD-PERSIS-6,2/9/2021 9:12,"CN=VD-PERSIS-6,OU=VD-Persis,OU=RDS-VD,DC=co,DC=yakima,DC=wa,DC=us"
VD-TS-1,3/10/2020 17:40,"CN=VD-TS-1,OU=TechnologyServices,OU=RDS-VD,DC=co,DC=yakima,DC=wa,DC=us"
VD-TS-2,3/10/2020 17:41,"CN=VD-TS-2,OU=TechnologyServices,OU=RDS-VD,DC=co,DC=yakima,DC=wa,DC=us"
VD-TS-3,2/18/2021 20:53,"CN=VD-TS-3,OU=TechnologyServices,OU=RDS-VD,DC=co,DC=yakima,DC=wa,DC=us"
VD-TS-4,2/13/2020 15:25,"CN=VD-TS-4,OU=TechnologyServices,OU=RDS-VD,DC=co,DC=yakima,DC=wa,DC=us"
VD-TS-5,2/18/2021 10:08,"CN=VD-TS-5,OU=TechnologyServices,OU=RDS-VD,DC=co,DC=yakima,DC=wa,DC=us"
WIN2016-BU-TEST,3/16/2022 13:15,"CN=WIN2016-BU-TEST,OU=Domain Servers,DC=co,DC=yakima,DC=wa,DC=us"
WORKDAY-4,3/9/2020 15:32,"CN=WORKDAY-4,OU=Computers,OU=Training,DC=co,DC=yakima,DC=wa,DC=us"
WRKDAY-1,3/9/2020 15:53,"CN=WRKDAY-1,OU=Computers,OU=Training,DC=co,DC=yakima,DC=wa,DC=us"
WRKDAY-2,3/19/2020 16:24,"CN=WRKDAY-2,OU=Computers,OU=Training,DC=co,DC=yakima,DC=wa,DC=us"
WRKDAY-3,3/19/2020 8:58,"CN=WRKDAY-3,OU=Computers,OU=Training,DC=co,DC=yakima,DC=wa,DC=us"
WRKDAY-5,3/9/2020 15:52,"CN=WRKDAY-5,OU=Computers,OU=Training,DC=co,DC=yakima,DC=wa,DC=us"
WRKDAY-6,3/9/2020 13:35,"CN=WRKDAY-6,OU=Computers,OU=Training,DC=co,DC=yakima,DC=wa,DC=us"
WSU-LAPTOP2,6/1/2022 14:30,"CN=WSU-LAPTOP2,OU=Computers,OU=COOP,DC=co,DC=yakima,DC=wa,DC=us"
YAK-ASR-L1,2/24/2021 14:01,"CN=YAK-ASR-L1,OU=Computers,OU=Assessors,DC=co,DC=yakima,DC=wa,DC=us"
YHD-2496549L,2/3/2022 9:25,"CN=YHD-2496549L,OU=Computers,OU=Health District,DC=co,DC=yakima,DC=wa,DC=us"
YHD-2496561L,11/1/2021 8:41,"CN=YHD-2496561L,OU=Computers,OU=Health District,DC=co,DC=yakima,DC=wa,DC=us"
YHD-ADMIN-9217,5/25/2022 8:11,"CN=YHD-ADMIN-9217,OU=Computers,OU=Health District,DC=co,DC=yakima,DC=wa,DC=us"
YHD-CONTACT-L1,6/14/2022 15:23,"CN=YHD-CONTACT-L1,OU=Computers,OU=Health District,DC=co,DC=yakima,DC=wa,DC=us"
YHD-CONTACT-L2,3/25/2022 17:06,"CN=YHD-CONTACT-L2,OU=Computers,OU=Health District,DC=co,DC=yakima,DC=wa,DC=us"
YHD-CONTACT-L9,8/27/2021 15:23,"CN=YHD-CONTACT-L9,OU=Computers,OU=Health District,DC=co,DC=yakima,DC=wa,DC=us"
YHD-EH-6525,7/5/2022 8:05,"CN=YHD-EH-6525,OU=Computers,OU=Health District,DC=co,DC=yakima,DC=wa,DC=us"
YHD-EH-TAB-6545,5/9/2022 13:01,"CN=YHD-EH-TAB-6545,OU=Computers,OU=Health District,DC=co,DC=yakima,DC=wa,DC=us"
YHD-FRNT-6406,6/23/2021 9:27,"CN=YHD-FRNT-6406,OU=Computers,OU=Health District,DC=co,DC=yakima,DC=wa,DC=us"
YHD-LAP-6503,5/18/2020 9:08,"CN=YHD-LAP-6503,OU=Computers,OU=Health District,DC=co,DC=yakima,DC=wa,DC=us"
YHD-LAPTOP-4,8/11/2020 17:30,"CN=YHD-LAPTOP-4,OU=Computers,OU=Health District,DC=co,DC=yakima,DC=wa,DC=us"
YHD-NEW-2,4/21/2021 8:11,"CN=YHD-NEW-2,OU=Computers,OU=Health District,DC=co,DC=yakima,DC=wa,DC=us"
YHD-PHN-6532,2/19/2022 13:11,"CN=YHD-PHN-6532,OU=Computers,OU=Health District,DC=co,DC=yakima,DC=wa,DC=us"
YHD-RETURN-2,12/29/2020 8:49,"CN=YHD-RETURN-2,OU=Computers,OU=Health District,DC=co,DC=yakima,DC=wa,DC=us"
YHD-RETURN-3,5/4/2022 15:16,"CN=YHD-RETURN-3,OU=Computers,OU=Health District,DC=co,DC=yakima,DC=wa,DC=us"
YHD-TAB-6503,6/23/2022 8:17,"CN=YHD-TAB-6503,OU=Computers,OU=Health District,DC=co,DC=yakima,DC=wa,DC=us"
YHD-TAB-6504,7/13/2022 10:58,"CN=YHD-TAB-6504,OU=Computers,OU=Health District,DC=co,DC=yakima,DC=wa,DC=us"
YHD-TAB-6509,1/24/2022 14:28,"CN=YHD-TAB-6509,OU=Computers,OU=Health District,DC=co,DC=yakima,DC=wa,DC=us"
YHD-TAB-6513,5/19/2022 14:41,"CN=YHD-TAB-6513,OU=Computers,OU=Health District,DC=co,DC=yakima,DC=wa,DC=us"
YHD-TAB-6562,1/4/2021 14:16,"CN=YHD-TAB-6562,OU=Computers,OU=Health District,DC=co,DC=yakima,DC=wa,DC=us"
YVCOG-ADMIN1,6/8/2020 12:26,"CN=YVCOG-ADMIN1,OU=Computers,OU=YVCOG,DC=co,DC=yakima,DC=wa,DC=us"
